{
  "backbone_test": {
    "t2i_R@1": 0.19859999418258667,
    "t2i_R@5": 0.365200012922287,
    "t2i_R@10": 0.44119998812675476,
    "i2t_R@1": 0.23000000417232513,
    "i2t_R@5": 0.36399999260902405,
    "i2t_R@10": 0.4480000138282776,
    "rsum": 2.047000005841255,
    "mean_R@1": 0.2142999991774559
  },
  "stage1_test": {
    "t2i_R@1": 0.2667999863624573,
    "t2i_R@5": 0.5153999924659729,
    "t2i_R@10": 0.6133999824523926,
    "i2t_R@1": 0.3869999945163727,
    "i2t_R@5": 0.6620000004768372,
    "i2t_R@10": 0.7639999985694885,
    "rsum": 3.208599954843521,
    "mean_R@1": 0.326899990439415
  },
  "delta_t2i_R@1": 0.0681999921798706,
  "delta_i2t_R@1": 0.15699999034404755,
  "delta_rsum": 1.161599949002266
}