{
  "t2i_R@1": 0.2667999863624573,
  "t2i_R@5": 0.5153999924659729,
  "t2i_R@10": 0.6133999824523926,
  "i2t_R@1": 0.3869999945163727,
  "i2t_R@5": 0.6620000004768372,
  "i2t_R@10": 0.7639999985694885,
  "rsum": 3.208599954843521,
  "mean_R@1": 0.326899990439415
}