{
  "t2i_R@1": 0.18382643163204193,
  "t2i_R@5": 0.34930965304374695,
  "t2i_R@10": 0.41932937502861023,
  "i2t_R@1": 0.20907297730445862,
  "i2t_R@5": 0.37771204113960266,
  "i2t_R@10": 0.4674556255340576,
  "rsum": 2.006706103682518,
  "mean_R@1": 0.19644970446825027
}