{
  "t2i_R@1": 0.19859999418258667,
  "t2i_R@5": 0.365200012922287,
  "t2i_R@10": 0.44119998812675476,
  "i2t_R@1": 0.23000000417232513,
  "i2t_R@5": 0.36399999260902405,
  "i2t_R@10": 0.4480000138282776,
  "rsum": 2.047000005841255,
  "mean_R@1": 0.2142999991774559
}